{"timestamps": [1588001095.88334, 1588001098.845333, 1588001102.649194, 1588001106.688095, 1588001110.677442, 1588001112.624798, 1588001114.389408], "initial_reset_timestamp": 1588001094.975152, "episode_types": ["t", "t", "t", "t", "t", "t", "t", "t"], "episode_lengths": [5, 22, 27, 27, 26, 13, 12], "episode_rewards": [-1900.0, -9664.0, -12283.0, -5758.0, -588.0, 1801.0, 46.0]}